Model,Country
Chevrolet Pickup (Full Size),America
Ford Pickup (Full Size),America
Chevrolet Impala,America
GMC Pickup (Full Size),America
Dodge Pickup (Full Size),America
Ford Mustang,America
Ford Explorer,America
Chevrolet Pickup (Full Size),America
Ford Pickup (Full Size),America
GMC Pickup (Full Size),America
Dodge Pickup (Full Size),America
Ford Explorer,America
Jeep Cherokee/Grand Cherokee,America
Ford Pickup (Small Size),America
Chevrolet Pickup (Small Size),America
Chevrolet Pickup (Full Size),America
Ford Pickup (Full Size),America
Dodge Pickup (Full Size),America
GMC Pickup (Full Size),America
Jeep Cherokee/Grand Cherokee,America
Chevrolet Pickup (Full Size),America
Ford Pickup (Full Size),America
GMC Pickup (Full Size),America
Dodge Pickup (Full Size),America
Chevrolet Impala,America
Chevrolet Malibu,America
Chevrolet Tahoe,America
Chevrolet Pickup (Full Size),America
Ford Pickup (Full Size),America
Ford Pickup (Full Size),America
Jeep Cherokee/Grand Cherokee,America
Chevrolet Pickup (Full Size),America
Dodge Pickup (Full Size),America
Jeep Cherokee/Grand Cherokee,America
Dodge Caravan,America
Chevrolet Pickup (Full Size),America
Ford Pickup (Full Size),America
Chevrolet Impala,America
Ford Taurus,America
Dodge Caravan,America
Jeep Cherokee/Grand Cherokee,America
Ford Pickup (Full Size),America
Chevrolet Pickup (Full Size),America
Chevrolet Impala,America
Chrysler 300/300M,America
Ford Pickup (Full Size),America
Chevrolet Pickup (Full Size),America
Chevrolet Impala,America
Dodge Pickup (Full Size),America
Ford Pickup (Full Size),America
Chevrolet Pickup (Full Size),America
Chevrolet Impala,America
Dodge Pickup (Full Size),America
Jeep Cherokee/Grand Cherokee,America
Dodge Caravan,America
Ford Pickup (Full Size),America
Dodge Pickup (Full Size),America
Ford Pickup (Full Size),America
Chevrolet Pickup (Full Size),America
Dodge Pickup (Full Size),America
GMC Pickup (Full Size),America
Ford Explorer,America
Ford Pickup (Small Size),America
Jeep Cherokee/Grand Cherokee,America
Dodge Caravan,America
Chevrolet Impala,America
Chevrolet Malibu,America
Chevrolet Pickup (Full Size),America
Ford Pickup (Full Size),America
Jeep Cherokee/Grand Cherokee,America
Ford Pickup (Full Size),America
Chevrolet Pickup (Full Size),America
Chevrolet Impala,America
Dodge Pickup (Full Size),America
Chevrolet Malibu,America
GMC Pickup (Full Size),America
Chevrolet Pickup (Small Size),America
Pontiac Grand Prix,America
Ford Taurus,America
Chevrolet Pickup (Full Size),America
Ford Pickup (Full Size),America
Chevrolet Impala,America
Dodge Pickup (Full Size),America
Ford Taurus,America
Jeep Cherokee/Grand Cherokee,America
GMC Pickup (Full Size),America
Dodge Caravan,America
Pontiac Grand Prix,America
Chevrolet Pickup (Full Size),America
Ford Pickup (Full Size),America
Dodge Pickup (Full Size),America
GMC Pickup (Full Size),America
Chevrolet Impala,America
Dodge Caravan,America
Jeep Cherokee/Grand Cherokee,America
Chevrolet Pickup (Small Size),America
Chevrolet Pickup (Full Size),America
Ford Pickup (Full Size),America
Chevrolet Impala,America
Ford Explorer,America
Ford Taurus,America
Dodge Pickup (Full Size),America
Chevrolet Pickup (Small Size),America
Chevrolet Pickup (Full Size),America
Ford Pickup (Full Size),America
GMC Pickup (Full Size),America
Dodge Pickup (Full Size),America
Chevrolet Impala,America
GMC Yukon,America
Chevrolet Tahoe,America
Chevrolet Pickup (Full Size),America
GMC Pickup (Full Size),America
Jeep Cherokee/Grand Cherokee,America
Ford Pickup (Full Size),America
Chevrolet Impala,America
Ford Focus,America
Chevrolet Cobalt,America
Dodge Caravan,America
Ford Pickup (Full Size),America
Jeep Cherokee/Grand Cherokee,America
Chevrolet Pickup (Full Size),America
Dodge Caravan,America
Ford Pickup (Full Size),America
Jeep Cherokee/Grand Cherokee,America
Chevrolet Pickup (Full Size),America
Chevrolet Impala,America
Chevrolet Pickup (Full Size),America
Ford Pickup (Full Size),America
Dodge Caravan,America
Dodge Charger,America
Chevrolet Trailblazer,America
Chevrolet Malibu,America
Pontiac Grand Prix,America
Jeep Cherokee/Grand Cherokee,America
Ford Fusion,America
Chevrolet Pickup (Full Size),America
Ford Pickup (Full Size),America
Chevrolet Impala,America
Dodge Caravan,America
Chevrolet Pickup (Full Size),America
Ford Pickup (Full Size),America
Chevrolet Impala,America
GMC Pickup (Full Size),America
Dodge Pickup (Full Size),America
Chevrolet Malibu,America
Chevrolet Tahoe,America
Ford Pickup (Full Size),America
Chevrolet Pickup (Full Size),America
Dodge Caravan,America
Dodge Pickup (Full Size),America
Chevrolet Impala,America
Jeep Cherokee/Grand Cherokee,America
Ford Taurus,America
Chevrolet Malibu,America
Chevrolet Pickup (Full Size),America
Ford Pickup (Full Size),America
Dodge Pickup (Full Size),America
GMC Pickup (Full Size),America
Chevrolet Impala,America
Ford Explorer,America
Chevrolet Pickup (Small Size),America
Ford Pickup (Small Size),America
Chevrolet Pickup (Full Size),America
Ford Pickup (Full Size),America
Dodge Pickup (Full Size),America
Jeep Cherokee/Grand Cherokee,America
Chevrolet Impala,America
GMC Pickup (Full Size),America
Chevrolet Pickup (Small Size),America
Chevrolet Pickup (Full Size),America
Ford Pickup (Full Size),America
Dodge Pickup (Full Size),America
Chevrolet Pickup (Full Size),America
Ford Pickup (Full Size),America
Dodge Caravan,America
Ford Focus,America
Jeep Cherokee/Grand Cherokee,America
GMC Pickup (Full Size),America
Dodge Caravan,America
Ford Pickup (Full Size),America
Jeep Cherokee/Grand Cherokee,America
Ford Econoline E350,America
Ford Pickup (Full Size),America
Chevrolet Pickup (Full Size),America
Dodge Pickup (Full Size),America
GMC Pickup (Full Size),America
Jeep Cherokee/Grand Cherokee,America
Chevrolet Pickup (Small Size),America
Chevrolet Impala,America
Dodge Caravan,America
Ford Econoline E350,America
Jeep Cherokee/Grand Cherokee,America
Ford Pickup (Full Size),America
Chevrolet Pickup (Full Size),America
Jeep Cherokee/Grand Cherokee,America
Chevrolet Impala,America
Ford Explorer,America
Chevrolet Pickup (Full Size),America
Ford Pickup (Full Size),America
Dodge Pickup (Full Size),America
GMC Pickup (Full Size),America
Chevrolet Impala,America
Jeep Cherokee/Grand Cherokee,America
Chevrolet Pickup (Small Size),America
Pontiac Grand Am,America
Ford Taurus,America
Dodge Caravan,America
Chevrolet Pickup (Full Size),America
Ford Pickup (Full Size),America
Jeep Cherokee/Grand Cherokee,America
Chevrolet Impala,America
Chevrolet Malibu,America
Dodge Pickup (Full Size),America
Chevrolet Pickup (Full Size),America
Ford Pickup (Full Size),America
Dodge Pickup (Full Size),America
GMC Pickup (Full Size),America
Chevrolet Impala,America
Chevrolet Pickup (Small Size),America
Ford Explorer,America
Chevrolet Malibu,America
Ford Pickup (Full Size),America
Chevrolet Pickup (Full Size),America
Jeep Cherokee/Grand Cherokee,America
Ford Pickup (Full Size),America
Chevrolet Impala,America
Chevrolet Pickup (Full Size),America
Jeep Cherokee/Grand Cherokee,America
Chevrolet Malibu,America
Ford Pickup (Full Size),America
Jeep Cherokee/Grand Cherokee,America
Ford Pickup (Full Size),America
Chevrolet Pickup (Full Size),America
Ford Crown Victoria,America
Dodge Pickup (Full Size),America
Chevrolet Impala,America
Ford Explorer,America
Chevrolet Pickup (Full Size),America
Ford Pickup (Full Size),America
Chevrolet Impala,America
Dodge Pickup (Full Size),America
GMC Pickup (Full Size),America
Chevrolet Malibu,America
Chevrolet Pickup (Small Size),America
Ford Taurus,America
Jeep Cherokee/Grand Cherokee,America
Chevrolet Pickup (Full Size),America
Ford Pickup (Full Size),America
Chevrolet Impala,America
GMC Pickup (Full Size),America
Jeep Cherokee/Grand Cherokee,America
Ford Pickup (Full Size),America
Chevrolet Pickup (Full Size),America
Dodge Pickup (Full Size),America
GMC Pickup (Full Size),America
Chevrolet Tahoe,America
Chevrolet Impala,America
Ford Pickup (Full Size),America
Chevrolet Pickup (Full Size),America
Dodge Pickup (Full Size),America
Jeep Cherokee/Grand Cherokee,America
Chevrolet Pickup (Full Size),America
Ford Pickup (Full Size),America
Ford Pickup (Small Size),America
GMC Pickup (Full Size),America
Ford Pickup (Full Size),America
Chevrolet Pickup (Full Size),America
Ford Explorer,America
Jeep Cherokee/Grand Cherokee,America
Chevrolet Impala,America
Ford Pickup (Full Size),America
Chevrolet Pickup (Full Size),America
Jeep Cherokee/Grand Cherokee,America
Ford Pickup (Full Size),America
Chevrolet Pickup (Full Size),America
Jeep Cherokee/Grand Cherokee,America
Dodge Pickup (Full Size),America
Chevrolet Pickup (Small Size),America
Chevrolet Impala,America
Ford Taurus,America
GMC Pickup (Full Size),America
Chevrolet Cavalier,America
Dodge Caravan,America
Chrysler Town & Country,America
Chevrolet Impala,America
Dodge Stratus,America
Chevrolet Malibu,America
Dodge Intrepid,America
Chevrolet Pickup (Full Size),America
Ford Pickup (Full Size),America
Dodge Pickup (Full Size),America
GMC Pickup (Full Size),America
Jeep Cherokee/Grand Cherokee,America
Dodge Durango,America
GMC Yukon,America
Chevrolet Cavalier,America
